"ID","Title","Assigned To","Case ID","Comment","Defects","Elapsed","Estimate","Forecast","In Progress","Plan","Plan ID","Preconditions","Priority","References","Run","Run Configuration","Run ID","Section","Section Depth","Section Description","Section Hierarchy","Status","Steps","Steps","Steps","Steps (Actual Result)","Steps (Expected Result)","Steps (Expected Result)","Steps (Status)","Steps (Step)","Steps (Step)","Template","Tested By","Tested On","Type","Version"
"T58533","Юзкейс 1. Копирование","na.erofeeva@mail.ru","C3211","","","","","","","","","- Подготовить тестовые данные и папки
- Тестовыми данными являются файлы, с помощью которых мы будем проверять программу
","Critical","","ErofeevaHardload","","R416","Erofeeva","0","","Erofeeva","Untested","","1. Нажать на кнопку с тремя точками наверху, чтобы добавить тестовые данные

![](index.php?/attachments/get/2389)


Expected Result:
Откроется форма выбора папки

![](index.php?/attachments/get/2496)



2. В форме найти папку, в которой лежат тестовые данные. Нажать левой кнопкой мыши на нужные для тест-кейса тестовые данные, затем нажать кнопку ""Открыть"" или дважды щелкнуть по нужному файлу

![](index.php?/attachments/get/2497)

Повторить шаг несколько раз, если для проведения теста используется несколько тестовых данных
Expected Result:
Тестовые данные добавятся в программу hardload

![](index.php?/attachments/get/2499)




3. Нажать на кнопку с тремя точками снизу, чтобы выбрать папку, в которую нужно скопировать тестовые данные

![](index.php?/attachments/get/2500)

Expected Result:
Откроется форма выбора папки

![](index.php?/attachments/get/2421)

4. В форме найти и выбрать нужную папку, нажать ""OK""

![](index.php?/attachments/get/2501)



Expected Result:
Путь до папки пропишется в программе hardload внизу

![](index.php?/attachments/get/2502)


5. Выбрать тестовые данные внутри программы, нажав на пустой квадратик рядом со строкой с адресом и названием файла тестовых данных
Expected Result:
В квадрате появится галочка

![](index.php?/attachments/get/2504)

6. Нажать на кнопку начала копирования (зеленый треугольник)

![](index.php?/attachments/get/2505)


Expected Result:
Тестовые данные скопируются в выбранную папку

![](index.php?/attachments/get/2507)

![](index.php?/attachments/get/2506)

![](index.php?/attachments/get/2510)

![](index.php?/attachments/get/2511)","","","","1. Откроется форма выбора папки

![](index.php?/attachments/get/2496)



2. Тестовые данные добавятся в программу hardload

![](index.php?/attachments/get/2499)




3. Откроется форма выбора папки

![](index.php?/attachments/get/2421)

4. Путь до папки пропишется в программе hardload внизу

![](index.php?/attachments/get/2502)


5. В квадрате появится галочка

![](index.php?/attachments/get/2504)

6. Тестовые данные скопируются в выбранную папку

![](index.php?/attachments/get/2507)

![](index.php?/attachments/get/2506)

![](index.php?/attachments/get/2510)

![](index.php?/attachments/get/2511)","","","1. Нажать на кнопку с тремя точками наверху, чтобы добавить тестовые данные

![](index.php?/attachments/get/2389)


2. В форме найти папку, в которой лежат тестовые данные. Нажать левой кнопкой мыши на нужные для тест-кейса тестовые данные, затем нажать кнопку ""Открыть"" или дважды щелкнуть по нужному файлу

![](index.php?/attachments/get/2497)

Повторить шаг несколько раз, если для проведения теста используется несколько тестовых данных
3. Нажать на кнопку с тремя точками снизу, чтобы выбрать папку, в которую нужно скопировать тестовые данные

![](index.php?/attachments/get/2500)

4. В форме найти и выбрать нужную папку, нажать ""OK""

![](index.php?/attachments/get/2501)



5. Выбрать тестовые данные внутри программы, нажав на пустой квадратик рядом со строкой с адресом и названием файла тестовых данных
6. Нажать на кнопку начала копирования (зеленый треугольник)

![](index.php?/attachments/get/2505)","Test Case (Steps)","","","Functional",""
"T58534","Юзкейс 2. Удаление","na.erofeeva@mail.ru","C3226","","","","","","","","","- Подготовить тестовые данные и папки
- Тестовыми данными являются файлы, с помощью которых мы будем проверять программу","High","","ErofeevaHardload","","R416","Erofeeva","0","","Erofeeva","Untested","","1. Выполнить шаги 1-2 юзкейса ""Юзкейс 1. Копирование""
Expected Result:
Файлы добавятся в программу
2. Выбрать тестовые данные внутри программы, нажав на строку с адресом и названием тестовых данных левой кнопкой мыши.

Повторить шаг несколько раз, зажав клавишу Ctrl, если для проведения теста используется несколько тестовых данных

Если для проведения теста используются несколько тестовых данных подряд, нажать на первую нужную строку, зажать Shift и нажать на последнюю нужную строку
Expected Result:
Строка тестовых данных станет синей

![](index.php?/attachments/get/2515)

3. Нажать на кнопку удаления файлов (красный крестик)

![](index.php?/attachments/get/2516)

Expected Result:
Откроется окно с подтверждением действия

![](index.php?/attachments/get/2517)

4. В открывшемся окне с подтверждением действия нажать кнопку ""Да""

![](index.php?/attachments/get/2518)

Expected Result:
Тестовые данные удалятся из программы

![](index.php?/attachments/get/2519)","","","","1. Файлы добавятся в программу
2. Строка тестовых данных станет синей

![](index.php?/attachments/get/2515)

3. Откроется окно с подтверждением действия

![](index.php?/attachments/get/2517)

4. Тестовые данные удалятся из программы

![](index.php?/attachments/get/2519)","","","1. Выполнить шаги 1-2 юзкейса ""Юзкейс 1. Копирование""
2. Выбрать тестовые данные внутри программы, нажав на строку с адресом и названием тестовых данных левой кнопкой мыши.

Повторить шаг несколько раз, зажав клавишу Ctrl, если для проведения теста используется несколько тестовых данных

Если для проведения теста используются несколько тестовых данных подряд, нажать на первую нужную строку, зажать Shift и нажать на последнюю нужную строку
3. Нажать на кнопку удаления файлов (красный крестик)

![](index.php?/attachments/get/2516)

4. В открывшемся окне с подтверждением действия нажать кнопку ""Да""

![](index.php?/attachments/get/2518)","Test Case (Steps)","","","Functional",""
"T58581","Локализация","na.erofeeva@mail.ru","C3250","","","17s","","","","","","","Medium","","ErofeevaHardload","","R416","Нефункциональные тесты","1","","Erofeeva > Нефункциональные тесты","Failed","","1. Открыть программу
Expected Result:
Интерфейс программы и подсказки будут на одном языке","","","","1. Интерфейс программы и подсказки будут на одном языке","","","1. Открыть программу","Test Case (Steps)","na.erofeeva@mail.ru","11/23/2022 5:14 PM","Accessibility",""
"T58582","Наличие возможности перертащить файлы в программу","na.erofeeva@mail.ru","C3402","","","32s","","","","","","- Папка, в которой лежат тестовые данные находится по адресу: C:\Users\a-ero\Desktop\from
- Папка, в которую нужно скопировать тестовые данные находится по адресу: C:\Users\a-ero\Desktop\into

Тестовые данные

Файл:

- ""avi.avi""
- ""docx.docx""
- ""exe.exe""","High","","ErofeevaHardload","","R416","Нефункциональные тесты","1","","Erofeeva > Нефункциональные тесты","Failed","","1. Открыть папку с файлами, выбрать нужные файлы, выделив их левой кнопкой мыши, или нажав на первый нужный файл, зажав Shift и нажав на последний нужный файл или выбрать каждый, зажав клавишу Ctrl
Expected Result:
Выделенные файлы можно будет перетащить в программу, захватив их мышкой","","","","1. Выделенные файлы можно будет перетащить в программу, захватив их мышкой","","","1. Открыть папку с файлами, выбрать нужные файлы, выделив их левой кнопкой мыши, или нажав на первый нужный файл, зажав Shift и нажав на последний нужный файл или выбрать каждый, зажав клавишу Ctrl","Test Case (Steps)","na.erofeeva@mail.ru","11/23/2022 5:16 PM","Accessibility",""
"T58579","Наличие возможности выбора нескольких файлов для добавления в программу","na.erofeeva@mail.ru","C3248","","","62s","","","","","","- Папка, в которой лежат тестовые данные находится по адресу: C:\Users\a-ero\Desktop\from
- Папка, в которую нужно скопировать тестовые данные находится по адресу: C:\Users\a-ero\Desktop\into

Тестовые данные

Файл:

- ""avi.avi""
- ""docx.docx""
- ""exe.exe""","High","","ErofeevaHardload","","R416","Нефункциональные тесты","1","","Erofeeva > Нефункциональные тесты","Failed","","1. Выполнить шаг 1 юзкейса ""Юзкейс 1. Копирование""
Expected Result:
Откроется форма для выбора файла
2. В форме найти папку, в которой лежат тестовые данные. 
Expected Result:
Можно выбрать несколько файлов с помощью клавиши Ctrl, Shift или зажав левую кнопку мыши и протянув ею от первого нужного файла до последнего.","","","","1. Откроется форма для выбора файла
2. Можно выбрать несколько файлов с помощью клавиши Ctrl, Shift или зажав левую кнопку мыши и протянув ею от первого нужного файла до последнего.","","","1. Выполнить шаг 1 юзкейса ""Юзкейс 1. Копирование""
2. В форме найти папку, в которой лежат тестовые данные.","Test Case (Steps)","na.erofeeva@mail.ru","11/23/2022 5:17 PM","Accessibility",""
"T58578","Наличие возможность сразу скопировать файлы, которые добавила в программу","na.erofeeva@mail.ru","C3247","","","17s","","","","","","- Папка, в которой лежат тестовые данные находится по адресу: C:\Users\a-ero\Desktop\from
- Папка, в которую нужно скопировать тестовые данные находится по адресу: C:\Users\a-ero\Desktop\into

Тестовые данные

Файл:

- ""avi.avi""
- ""docx.docx""
- ""exe.exe""","High","","ErofeevaHardload","","R416","Нефункциональные тесты","1","","Erofeeva > Нефункциональные тесты","Failed","","1. Выполнить шаги 1-4 юзкейса ""Юзкейс 1. Копирование""
Expected Result:
Путь до папки пропишется в программе hardload внизу
2. Нажать на кнопку начала копирования (зеленый треугольник)
Expected Result:
Тестовые данные скопируются в выбранную папку","","","","1. Путь до папки пропишется в программе hardload внизу
2. Тестовые данные скопируются в выбранную папку","","","1. Выполнить шаги 1-4 юзкейса ""Юзкейс 1. Копирование""
2. Нажать на кнопку начала копирования (зеленый треугольник)","Test Case (Steps)","na.erofeeva@mail.ru","11/23/2022 5:18 PM","Accessibility",""
"T58580","Наличие возможности выбрать все файлы для копирования","na.erofeeva@mail.ru","C3249","","","","","","","","","- Папка, в которой лежат тестовые данные находится по адресу: C:\Users\a-ero\Desktop\from
- Папка, в которую нужно скопировать тестовые данные находится по адресу: C:\Users\a-ero\Desktop\into

Тестовые данные

Файлы:

- ""avi.avi""
- ""docx.docx""
- ""exe.exe""","High","","ErofeevaHardload","","R416","Нефункциональные тесты","1","","Erofeeva > Нефункциональные тесты","Failed","","1. Выполнить шаги 1-4 юзкейса ""Юзкейс 1. Копирование""
Expected Result:
Путь до папки пропишется в программе hardload внизу
2. Выбрать все тестовые данные внутри программы
Expected Result:
Есть возможность выбрать все файлы с помощью одной кнопки или галочки ""выбрать всё"" или нажав галочку на первом нужном файле, зажав Shift и нажав на галочку на последнем нужном файле","","","","1. Путь до папки пропишется в программе hardload внизу
2. Есть возможность выбрать все файлы с помощью одной кнопки или галочки ""выбрать всё"" или нажав галочку на первом нужном файле, зажав Shift и нажав на галочку на последнем нужном файле","","","1. Выполнить шаги 1-4 юзкейса ""Юзкейс 1. Копирование""
2. Выбрать все тестовые данные внутри программы","Test Case (Steps)","na.erofeeva@mail.ru","11/23/2022 5:18 PM","Accessibility",""
"T58535","Удаление файла","na.erofeeva@mail.ru","C3194","","","","","","","","","Папка, в которой лежат тестовые данные находится по адресу: C:\Users\a-ero\Desktop\from

Тестовые данные

Файл:

- ""jpg.jpg""","High","","ErofeevaHardload","","R416","Позитивные","2","","Erofeeva > Функциональные тесты > Позитивные","Passed","","1. Выполнить ""Юзкейс 2. Удаление""
Expected Result:
Файл удалится из списка в программе","","","","1. Файл удалится из списка в программе","","","1. Выполнить ""Юзкейс 2. Удаление""","Test Case (Steps)","na.erofeeva@mail.ru","11/23/2022 5:20 PM","Functional",""
"T58540","Копирование файла","na.erofeeva@mail.ru","C3213","","","","","","","","","- Папка, в которой лежат тестовые данные находится по адресу: C:\Users\a-ero\Desktop\from
- Папка, в которую нужно скопировать тестовые данные находится по адресу: C:\Users\a-ero\Desktop\into

Убедиться в том, что папка, в которую нужно скопировать тестовые данные, не содержит файлов, которые мы будем использовать в тест-кейсе

Тестовые данные

Файл:

- ""jpg.jpg""","Critical","","ErofeevaHardload","","R416","Позитивные","2","","Erofeeva > Функциональные тесты > Позитивные","Passed","Выполнить ""Юзкейс 1. Копирование""","","","","","","","","","Test Case (Text)","na.erofeeva@mail.ru","11/23/2022 5:21 PM","Functional",""
"T58542","Удаление файла после копирования","na.erofeeva@mail.ru","C3217","","","","","","","","","- Папка, в которой лежат тестовые данные находится по адресу: C:\Users\a-ero\Desktop\from
- Папка, в которую нужно скопировать тестовые данные находится по адресу: C:\Users\a-ero\Desktop\into

Тестовые данные

Файл:

- ""png.png""","High","","ErofeevaHardload","","R416","Позитивные","2","","Erofeeva > Функциональные тесты > Позитивные","Passed","","1. Выполнить ""Юзкейс 1. Копирование""
Expected Result:
Файл скопируется
2. Выполнить шаги 2-3 юзкейса ""Юзкейс 2. Удаление""


Expected Result:
Файл удалится из списка в программе","","","","1. Файл скопируется
2. Файл удалится из списка в программе","","","1. Выполнить ""Юзкейс 1. Копирование""
2. Выполнить шаги 2-3 юзкейса ""Юзкейс 2. Удаление""","Test Case (Steps)","na.erofeeva@mail.ru","11/23/2022 5:21 PM","Functional",""
"T58539","Копирование файла большого размера","na.erofeeva@mail.ru","C3198","Программа скопировала файл и подвисла, но чуть позже смогла справиться с таким объемом","","","","","","","","- Папка, в которой лежат тестовые данные находится по адресу: C:\Users\a-ero\Desktop\from
- Папка, в которую нужно скопировать тестовые данные находится по адресу: C:\Users\a-ero\Desktop\into

Убедиться в том, что папка, в которую нужно скопировать тестовые данные, не содержит файлов, которые мы будем использовать в тест-кейсе

Тестовые данные

Файл: 

- ""большой файл.mkv"" размером 8,52 Гб","Critical","","ErofeevaHardload","","R416","Позитивные","2","","Erofeeva > Функциональные тесты > Позитивные","Passed","Выполнить ""Юзкейс 1. Копирование""","","","","","","","","","Test Case (Text)","na.erofeeva@mail.ru","11/23/2022 5:36 PM","Functional",""
"T58538","Копирование файла с длинным названием","na.erofeeva@mail.ru","C3197","","","","","","","","","- Папка, в которой лежат тестовые данные находится по адресу: C:\Users\a-ero\Desktop\from
- Папка, в которую нужно скопировать тестовые данные находится по адресу: C:\Users\a-ero\Desktop\into

Убедиться в том, что папка, в которую нужно скопировать тестовые данные, не содержит файлов, которые мы будем использовать в тест-кейсе

Тестовые данные

Файл:

- ""длинноеназваниедлинноеназваниедлинноеназваниедлинноеназваниедлинноеназваниедлинноеназваниедлинноеназваниедлинноеназваниедлинноеназваниедлинноеназваниедлинноеназваниедлинноеназваниедлинноеназваниедлинноеназваниедлинн.txt""","Critical","","ErofeevaHardload","","R416","Позитивные","2","","Erofeeva > Функциональные тесты > Позитивные","Passed","Выполнить ""Юзкейс 1. Копирование""","","","","","","","","","Test Case (Text)","na.erofeeva@mail.ru","11/23/2022 5:40 PM","Functional",""
"T58538","Копирование файла с длинным названием","na.erofeeva@mail.ru","C3197","","","","","","","","","- Папка, в которой лежат тестовые данные находится по адресу: C:\Users\a-ero\Desktop\from
- Папка, в которую нужно скопировать тестовые данные находится по адресу: C:\Users\a-ero\Desktop\into

Убедиться в том, что папка, в которую нужно скопировать тестовые данные, не содержит файлов, которые мы будем использовать в тест-кейсе

Тестовые данные

Файл:

- ""длинноеназваниедлинноеназваниедлинноеназваниедлинноеназваниедлинноеназваниедлинноеназваниедлинноеназваниедлинноеназваниедлинноеназваниедлинноеназваниедлинноеназваниедлинноеназваниедлинноеназваниедлинноеназваниедлинн.txt""","Critical","","ErofeevaHardload","","R416","Позитивные","2","","Erofeeva > Функциональные тесты > Позитивные","Passed","Выполнить ""Юзкейс 1. Копирование""","","","","","","","","","Test Case (Text)","na.erofeeva@mail.ru","11/23/2022 5:39 PM","Functional",""
"T58548","Добавление файлов в два этапа","na.erofeeva@mail.ru","C3255","","","","","","","","","- Папка, в которой лежат тестовые данные находится по адресу: C:\Users\a-ero\Desktop\from
- Папка, в которую нужно скопировать тестовые данные находится по адресу: C:\Users\a-ero\Desktop\into

Тестовые данные 

Файлы:

- ""docx.docx""
- ""pdf.pdf""","High","","ErofeevaHardload","","R416","Позитивные","2","","Erofeeva > Функциональные тесты > Позитивные","Passed","","1. Выполнить шаги 1-2 юзкейса ""Юзкейс 1. Копирование"" с файлом ""docx.docx""
Expected Result:
Файл добавится в программу
2. Выполнить шаги 1-2 юзкейса ""Юзкейс 1. Копирование"" с файлом ""pdf.pdf""
Expected Result:
Файл добавится в программу
3. Выполнить оставшиеся шаги юзкейса ""Юзкейс 1. Копирование"" с обоими файлами
Expected Result:
Файлы скопируются неповреждёнными","","","","1. Файл добавится в программу
2. Файл добавится в программу
3. Файлы скопируются неповреждёнными","","","1. Выполнить шаги 1-2 юзкейса ""Юзкейс 1. Копирование"" с файлом ""docx.docx""
2. Выполнить шаги 1-2 юзкейса ""Юзкейс 1. Копирование"" с файлом ""pdf.pdf""
3. Выполнить оставшиеся шаги юзкейса ""Юзкейс 1. Копирование"" с обоими файлами","Test Case (Steps)","na.erofeeva@mail.ru","11/28/2022 5:01 PM","Functional",""
"T58548","Добавление файлов в два этапа","na.erofeeva@mail.ru","C3255","Я поняла, что это проверяется другим тестом.","","","","","","","","- Папка, в которой лежат тестовые данные находится по адресу: C:\Users\a-ero\Desktop\from
- Папка, в которую нужно скопировать тестовые данные находится по адресу: C:\Users\a-ero\Desktop\into

Тестовые данные 

Файлы:

- ""docx.docx""
- ""pdf.pdf""","High","","ErofeevaHardload","","R416","Позитивные","2","","Erofeeva > Функциональные тесты > Позитивные","","","1. Выполнить шаги 1-2 юзкейса ""Юзкейс 1. Копирование"" с файлом ""docx.docx""
Expected Result:
Файл добавится в программу
2. Выполнить шаги 1-2 юзкейса ""Юзкейс 1. Копирование"" с файлом ""pdf.pdf""
Expected Result:
Файл добавится в программу
3. Выполнить оставшиеся шаги юзкейса ""Юзкейс 1. Копирование"" с обоими файлами
Expected Result:
Файлы скопируются неповреждёнными","","","","1. Файл добавится в программу
2. Файл добавится в программу
3. Файлы скопируются неповреждёнными","","","1. Выполнить шаги 1-2 юзкейса ""Юзкейс 1. Копирование"" с файлом ""docx.docx""
2. Выполнить шаги 1-2 юзкейса ""Юзкейс 1. Копирование"" с файлом ""pdf.pdf""
3. Выполнить оставшиеся шаги юзкейса ""Юзкейс 1. Копирование"" с обоими файлами","Test Case (Steps)","na.erofeeva@mail.ru","11/28/2022 5:01 PM","Functional",""
"T58549","Копирование файлов в два этапа","na.erofeeva@mail.ru","C3306","","","","","","","","","- Папка, в которой лежат тестовые данные находится по адресу: C:\Users\a-ero\Desktop\from
- Папка, в которую нужно скопировать тестовые данные находится по адресу: C:\Users\a-ero\Desktop\into

Убедиться в том, что папка, в которую нужно скопировать тестовые данные, не содержит файлов, которые мы будем использовать в тест-кейсе

Тестовые данные 

Файлы:

- ""xlsx.xlsx""
- ""txt.txt""
- ""презентация.pptx""","High","","ErofeevaHardload","","R416","Позитивные","2","","Erofeeva > Функциональные тесты > Позитивные","Passed","","1. Выполнить шаги 1-4 юзкейса ""Юзкейс 1. Копирование""
Expected Result:
Файлы добавятся в программу, папка выберется
2. Выполнить шаги 5-6 юзкейса ""Юзкейс 1. Копирование"" с файлами ""xlsx.xlsx"", ""txt.txt""

Expected Result:
Файлы скопируются неповреждёнными
3. Выполнить шаги 5-6 юзкейса ""Юзкейс 1. Копирование"" с файлом ""презентация.pptx""
Expected Result:
Файл скопируется неповреждённым","","","","1. Файлы добавятся в программу, папка выберется
2. Файлы скопируются неповреждёнными
3. Файл скопируется неповреждённым","","","1. Выполнить шаги 1-4 юзкейса ""Юзкейс 1. Копирование""
2. Выполнить шаги 5-6 юзкейса ""Юзкейс 1. Копирование"" с файлами ""xlsx.xlsx"", ""txt.txt""

3. Выполнить шаги 5-6 юзкейса ""Юзкейс 1. Копирование"" с файлом ""презентация.pptx""","Test Case (Steps)","na.erofeeva@mail.ru","11/23/2022 5:45 PM","Functional",""
"T58537","Удаление нескольких файлов","na.erofeeva@mail.ru","C3196","","","","","","","","","Папка, в которой лежат тестовые данные находится по адресу: C:\Users\a-ero\Desktop\from

Тестовые данные

Файлы:

- ""avi.avi""
- ""docx.docx""
- ""exe.exe""
- ""flv.flv""
- ""gif.gif""
- ""jpg.jpg""
- ""mkv.mkv""
- ""mp3.mp3""
- ""mp4.mp4""
- ""pdf.pdf""
- ""png.png""
- ""rar.rar""
- ""txt.txt""
- ""txt.txt — ярлык""
- ""xlsx.xlsx""
- ""zip.zip""
- ""битый файл.docx""
- ""презентация.pptx""
- ""файл без формата""","High","","ErofeevaHardload","","R416","Позитивные","2","","Erofeeva > Функциональные тесты > Позитивные","Failed","","1. Выполнить ""Юзкейс 2. Удаление""
Expected Result:
Файлы удалятся из списка в программе","","","","1. Файлы удалятся из списка в программе","","","1. Выполнить ""Юзкейс 2. Удаление""","Test Case (Steps)","na.erofeeva@mail.ru","11/28/2022 4:29 PM","Functional",""
"T58537","Удаление нескольких файлов","na.erofeeva@mail.ru","C3196","Файлы удаляются через один

![](index.php?/attachments/get/2861)

![](index.php?/attachments/get/2862)
","","","","","","","","Папка, в которой лежат тестовые данные находится по адресу: C:\Users\a-ero\Desktop\from

Тестовые данные

Файлы:

- ""avi.avi""
- ""docx.docx""
- ""exe.exe""
- ""flv.flv""
- ""gif.gif""
- ""jpg.jpg""
- ""mkv.mkv""
- ""mp3.mp3""
- ""mp4.mp4""
- ""pdf.pdf""
- ""png.png""
- ""rar.rar""
- ""txt.txt""
- ""txt.txt — ярлык""
- ""xlsx.xlsx""
- ""zip.zip""
- ""битый файл.docx""
- ""презентация.pptx""
- ""файл без формата""","High","","ErofeevaHardload","","R416","Позитивные","2","","Erofeeva > Функциональные тесты > Позитивные","","","1. Выполнить ""Юзкейс 2. Удаление""
Expected Result:
Файлы удалятся из списка в программе","","","","1. Файлы удалятся из списка в программе","","","1. Выполнить ""Юзкейс 2. Удаление""","Test Case (Steps)","na.erofeeva@mail.ru","11/28/2022 4:29 PM","Functional",""
"T58541","Удаление нескольких файлов выборочно из списка","na.erofeeva@mail.ru","C3216","","","","","","","","","- Папка, в которой лежат тестовые данные находится по адресу: C:\Users\a-ero\Desktop\from

Тестовые данные

Файлы (для выполнения этого тест-кейса добавлять в предложенном порядке):

- ""avi.avi""
- ""docx.docx""
- ""exe.exe""
- ""flv.flv""
- ""gif.gif""
- ""jpg.jpg""
- ""mkv.mkv""
- ""mp3.mp3""
- ""mp4.mp4""
- ""pdf.pdf""
- ""png.png""
- ""rar.rar""
- ""txt.txt""
- ""txt.txt — ярлык""
- ""xlsx.xlsx""
- ""zip.zip""
- ""битый файл.docx""
- ""презентация.pptx""
- ""файл без формата""","High","","ErofeevaHardload","","R416","Позитивные","2","","Erofeeva > Функциональные тесты > Позитивные","Passed","","1. Выполнить шаги 1-2 юзкейса ""Юзкейс 1. Копирование""
Expected Result:
Файлы добавятся в программу
2. Выполнить шаги 2-3 юзкейса ""Юзкейс 2. Удаление"" с условием: при выполнении 2 шага выделить каждый второй файл.
Expected Result:
Выбранные файлы удалятся, невыбранные файлы останутся","","","","1. Файлы добавятся в программу
2. Выбранные файлы удалятся, невыбранные файлы останутся","","","1. Выполнить шаги 1-2 юзкейса ""Юзкейс 1. Копирование""
2. Выполнить шаги 2-3 юзкейса ""Юзкейс 2. Удаление"" с условием: при выполнении 2 шага выделить каждый второй файл.","Test Case (Steps)","na.erofeeva@mail.ru","11/28/2022 4:34 PM","Functional",""
"T58541","Удаление нескольких файлов выборочно из списка","na.erofeeva@mail.ru","C3216","Из-за того, что файлы удаляются через один, если выбрать их через один, они удаляются нормально","","","","","","","","- Папка, в которой лежат тестовые данные находится по адресу: C:\Users\a-ero\Desktop\from

Тестовые данные

Файлы (для выполнения этого тест-кейса добавлять в предложенном порядке):

- ""avi.avi""
- ""docx.docx""
- ""exe.exe""
- ""flv.flv""
- ""gif.gif""
- ""jpg.jpg""
- ""mkv.mkv""
- ""mp3.mp3""
- ""mp4.mp4""
- ""pdf.pdf""
- ""png.png""
- ""rar.rar""
- ""txt.txt""
- ""txt.txt — ярлык""
- ""xlsx.xlsx""
- ""zip.zip""
- ""битый файл.docx""
- ""презентация.pptx""
- ""файл без формата""","High","","ErofeevaHardload","","R416","Позитивные","2","","Erofeeva > Функциональные тесты > Позитивные","","","1. Выполнить шаги 1-2 юзкейса ""Юзкейс 1. Копирование""
Expected Result:
Файлы добавятся в программу
2. Выполнить шаги 2-3 юзкейса ""Юзкейс 2. Удаление"" с условием: при выполнении 2 шага выделить каждый второй файл.
Expected Result:
Выбранные файлы удалятся, невыбранные файлы останутся","","","","1. Файлы добавятся в программу
2. Выбранные файлы удалятся, невыбранные файлы останутся","","","1. Выполнить шаги 1-2 юзкейса ""Юзкейс 1. Копирование""
2. Выполнить шаги 2-3 юзкейса ""Юзкейс 2. Удаление"" с условием: при выполнении 2 шага выделить каждый второй файл.","Test Case (Steps)","na.erofeeva@mail.ru","11/28/2022 4:34 PM","Functional",""
"T58536","Копирование нескольких файлов разного формата","na.erofeeva@mail.ru","C3195","","","","","","","","","- Папка, в которой лежат тестовые данные находится по адресу: C:\Users\a-ero\Desktop\from
- Папка, в которую нужно скопировать тестовые данные находится по адресу: C:\Users\a-ero\Desktop\into

Убедиться в том, что папка, в которую нужно скопировать тестовые данные, не содержит файлов, которые мы будем использовать в тест-кейсе

Тестовые данные

Файлы:

- ""avi.avi""
- ""docx.docx""
- ""exe.exe""
- ""flv.flv""
- ""gif.gif""
- ""jpg.jpg""
- ""mkv.mkv""
- ""mp3.mp3""
- ""mp4.mp4""
- ""pdf.pdf""
- ""png.png""
- ""rar.rar""
- ""txt.txt""
- ""txt.txt — ярлык""
- ""xlsx.xlsx""
- ""zip.zip""
- ""битый файл.docx""
- ""презентация.pptx""
- ""файл без формата""","Critical","","ErofeevaHardload","","R416","Позитивные","2","","Erofeeva > Функциональные тесты > Позитивные","Passed","Выполнить ""Юзкейс 1. Копирование""","","","","","","","","","Test Case (Text)","na.erofeeva@mail.ru","11/28/2022 4:39 PM","Functional",""
"T58536","Копирование нескольких файлов разного формата","na.erofeeva@mail.ru","C3195","Программа чуть-чуть подвисла, но все скинула","","","","","","","","- Папка, в которой лежат тестовые данные находится по адресу: C:\Users\a-ero\Desktop\from
- Папка, в которую нужно скопировать тестовые данные находится по адресу: C:\Users\a-ero\Desktop\into

Убедиться в том, что папка, в которую нужно скопировать тестовые данные, не содержит файлов, которые мы будем использовать в тест-кейсе

Тестовые данные

Файлы:

- ""avi.avi""
- ""docx.docx""
- ""exe.exe""
- ""flv.flv""
- ""gif.gif""
- ""jpg.jpg""
- ""mkv.mkv""
- ""mp3.mp3""
- ""mp4.mp4""
- ""pdf.pdf""
- ""png.png""
- ""rar.rar""
- ""txt.txt""
- ""txt.txt — ярлык""
- ""xlsx.xlsx""
- ""zip.zip""
- ""битый файл.docx""
- ""презентация.pptx""
- ""файл без формата""","Critical","","ErofeevaHardload","","R416","Позитивные","2","","Erofeeva > Функциональные тесты > Позитивные","","Выполнить ""Юзкейс 1. Копирование""","","","","","","","","","Test Case (Text)","na.erofeeva@mail.ru","11/28/2022 4:39 PM","Functional",""
"T58543","Удаление нескольких файлов после копирования","na.erofeeva@mail.ru","C3218","","","","","","","","","- Папка, в которой лежат тестовые данные находится по адресу: C:\Users\a-ero\Desktop\from
- Папка, в которую нужно скопировать тестовые данные находится по адресу: C:\Users\a-ero\Desktop\into

Тестовые данные

Файлы:

- ""avi.avi""
- ""docx.docx""
- ""exe.exe""
- ""flv.flv""
- ""gif.gif""
- ""jpg.jpg""
- ""mkv.mkv""
- ""mp3.mp3""
- ""mp4.mp4""
- ""pdf.pdf""
- ""png.png""
- ""rar.rar""
- ""txt.txt""
- ""txt.txt — ярлык""
- ""xlsx.xlsx""
- ""zip.zip""
- ""битый файл.docx""
- ""презентация.pptx""
- ""файл без формата""","High","","ErofeevaHardload","","R416","Позитивные","2","","Erofeeva > Функциональные тесты > Позитивные","Failed","","1. Выполнить ""Юзкейс 1. Копирование""
Expected Result:
Файлы скопируются
2. Выполнить шаги 2-3 юзкейса ""Юзкейс 2. Удаление""
Expected Result:
Файлы удалятся","","","","1. Файлы скопируются
2. Файлы удалятся","","","1. Выполнить ""Юзкейс 1. Копирование""
2. Выполнить шаги 2-3 юзкейса ""Юзкейс 2. Удаление""","Test Case (Steps)","na.erofeeva@mail.ru","11/28/2022 4:56 PM","Functional",""
"T58544","! C:\ -> D:\ Копирование файла","na.erofeeva@mail.ru","C3229","","","","","","","","","- Папка, в которой лежат тестовые данные находится по адресу: C:\Users\a-ero\Desktop\from
- Папка, в которую нужно скопировать тестовые данные находится по адресу: D:\into

Убедиться в том, что папка, в которую нужно скопировать тестовые данные, не содержит файлов, которые мы будем использовать в тест-кейсе

Тестовые данные

Файл:

- ""jpg.jpg""","Critical","","ErofeevaHardload","","R416","Позитивные","2","","Erofeeva > Функциональные тесты > Позитивные","Passed","","1. Выполнить ""Юзкейс 1. Копирование""
Expected Result:
Файл скопируется неповреждённым","","","","1. Файл скопируется неповреждённым","","","1. Выполнить ""Юзкейс 1. Копирование""","Test Case (Steps)","na.erofeeva@mail.ru","11/28/2022 4:59 PM","Functional",""
"T58550","C:\ -> D:\ Копирование файла большого размера","na.erofeeva@mail.ru","C3311","","","","","","","","","- Папка, в которой лежат тестовые данные находится по адресу: C:\Users\a-ero\Desktop\from
- Папка, в которую нужно скопировать тестовые данные находится по адресу: D:\into

Убедиться в том, что папка, в которую нужно скопировать тестовые данные, не содержит файлов, которые мы будем использовать в тест-кейсе

Тестовые данные

Файл: 

- ""большой файл.mkv"" размером 8,52 Гб","Critical","","ErofeevaHardload","","R416","Позитивные","2","","Erofeeva > Функциональные тесты > Позитивные","Failed","Выполнить ""Юзкейс 1. Копирование""","","","","","","","","","Test Case (Text)","na.erofeeva@mail.ru","11/28/2022 5:15 PM","Functional",""
"T58551","C:\ -> D:\ Копирование файла с длинным названием","na.erofeeva@mail.ru","C3312","","","","","","","","","- Папка, в которой лежат тестовые данные находится по адресу: C:\Users\a-ero\Desktop\from
- Папка, в которую нужно скопировать тестовые данные находится по адресу: D:\into

Убедиться в том, что папка, в которую нужно скопировать тестовые данные, не содержит файлов, которые мы будем использовать в тест-кейсе

Тестовые данные

Файл:

- ""длинноеназваниедлинноеназваниедлинноеназваниедлинноеназваниедлинноеназваниедлинноеназваниедлинноеназваниедлинноеназваниедлинноеназваниедлинноеназваниедлинноеназваниедлинноеназваниедлинноеназваниедлинноеназваниедлинн.txt""","Critical","","ErofeevaHardload","","R416","Позитивные","2","","Erofeeva > Функциональные тесты > Позитивные","Passed","Выполнить ""Юзкейс 1. Копирование""","","","","","","","","","Test Case (Text)","na.erofeeva@mail.ru","11/28/2022 5:16 PM","Functional",""
"T58546","C:\ -> D:\ Копирование нескольких файлов","na.erofeeva@mail.ru","C3231","","","","","","","","","- Папка, в которой лежат тестовые данные находится по адресу: C:\Users\a-ero\Desktop\from
- Папка, в которую нужно скопировать тестовые данные находится по адресу: D:\into

Убедиться в том, что папка, в которую нужно скопировать тестовые данные, не содержит файлов, которые мы будем использовать в тест-кейсе

Тестовые данные

Файлы:

- ""avi.avi""
- ""docx.docx""
- ""exe.exe""
- ""flv.flv""
- ""gif.gif""
- ""jpg.jpg""
- ""mkv.mkv""
- ""mp3.mp3""
- ""mp4.mp4""
- ""pdf.pdf""
- ""png.png""
- ""rar.rar""
- ""txt.txt""
- ""txt.txt — ярлык""
- ""xlsx.xlsx""
- ""zip.zip""
- ""битый файл.docx""
- ""презентация.pptx""
- ""файл без формата""","Critical","","ErofeevaHardload","","R416","Позитивные","2","","Erofeeva > Функциональные тесты > Позитивные","Passed","","1. Выполнить ""Юзкейс 1. Копирование""
Expected Result:
Файлы скопируются неповреждёнными","","","","1. Файлы скопируются неповреждёнными","","","1. Выполнить ""Юзкейс 1. Копирование""","Test Case (Steps)","na.erofeeva@mail.ru","11/28/2022 4:45 PM","Functional",""
"T58546","C:\ -> D:\ Копирование нескольких файлов","na.erofeeva@mail.ru","C3231","Я делала после тест-кейса ""Копирование нескольких файлов разного формата"", и оказалось, что программа не дает выбрать другую папку после произошедшего копирования, то есть она открывает окошко, и даже, вроде как дает возможность выбрать папку, но, когда выберешь ее, она остается прежней, поэтому я вписала адрес вручную, и это, на удивление, сработало","","","","","","","","- Папка, в которой лежат тестовые данные находится по адресу: C:\Users\a-ero\Desktop\from
- Папка, в которую нужно скопировать тестовые данные находится по адресу: D:\into

Убедиться в том, что папка, в которую нужно скопировать тестовые данные, не содержит файлов, которые мы будем использовать в тест-кейсе

Тестовые данные

Файлы:

- ""avi.avi""
- ""docx.docx""
- ""exe.exe""
- ""flv.flv""
- ""gif.gif""
- ""jpg.jpg""
- ""mkv.mkv""
- ""mp3.mp3""
- ""mp4.mp4""
- ""pdf.pdf""
- ""png.png""
- ""rar.rar""
- ""txt.txt""
- ""txt.txt — ярлык""
- ""xlsx.xlsx""
- ""zip.zip""
- ""битый файл.docx""
- ""презентация.pptx""
- ""файл без формата""","Critical","","ErofeevaHardload","","R416","Позитивные","2","","Erofeeva > Функциональные тесты > Позитивные","","","1. Выполнить ""Юзкейс 1. Копирование""
Expected Result:
Файлы скопируются неповреждёнными","","","","1. Файлы скопируются неповреждёнными","","","1. Выполнить ""Юзкейс 1. Копирование""","Test Case (Steps)","na.erofeeva@mail.ru","11/28/2022 4:45 PM","Functional",""
"T58558","D:\ Добавление в программу файлов с диска D","na.erofeeva@mail.ru","C3345","","","","","","","","","- Папка, в которой лежат тестовые данные находится по адресу: D:\from

Тестовые данные

Файл:

- ""jpg.jpg""","Critical","","ErofeevaHardload","","R416","Позитивные","2","","Erofeeva > Функциональные тесты > Позитивные","Passed","Выполнить шаги 1-2 юзкейса ""Юзкейс 1. Копирование""","","","","","","","","","Test Case (Text)","na.erofeeva@mail.ru","11/28/2022 5:18 PM","Functional",""
"T58545","! D:\ -> C:\ Копирование файла","na.erofeeva@mail.ru","C3230","","","","","","","","","- Папка, в которой лежат тестовые данные находится по адресу: D:\from
- Папка, в которую нужно скопировать тестовые данные находится по адресу: C:\Users\a-ero\Desktop\into 

Убедиться в том, что папка, в которую нужно скопировать тестовые данные, не содержит файлов, которые мы будем использовать в тест-кейсе

Тестовые данные

Файл:

- ""jpg.jpg""","Critical","","ErofeevaHardload","","R416","Позитивные","2","","Erofeeva > Функциональные тесты > Позитивные","Passed","","1. Выполнить ""Юзкейс 1. Копирование""
Expected Result:
Файл скопируется неповреждённым","","","","1. Файл скопируется неповреждённым","","","1. Выполнить ""Юзкейс 1. Копирование""","Test Case (Steps)","na.erofeeva@mail.ru","11/28/2022 5:19 PM","Functional",""
"T58552","D:\ -> C:\ Копирование файла большого размера","na.erofeeva@mail.ru","C3317","","","","","","","","","- Папка, в которой лежат тестовые данные находится по адресу: D:\from
- Папка, в которую нужно скопировать тестовые данные находится по адресу: C:\Users\a-ero\Desktop\into

Убедиться в том, что папка, в которую нужно скопировать тестовые данные, не содержит файлов, которые мы будем использовать в тест-кейсе

Тестовые данные

Файл: 

- ""большой файл.mkv"" размером 8,52 Гб","Critical","","ErofeevaHardload","","R416","Позитивные","2","","Erofeeva > Функциональные тесты > Позитивные","Failed","Выполнить ""Юзкейс 1. Копирование""","","","","","","","","","Test Case (Text)","na.erofeeva@mail.ru","11/28/2022 5:29 PM","Functional",""
"T58553","D:\ -> C:\ Копирование файла с длинным названием","na.erofeeva@mail.ru","C3318","","","","","","","","","- Папка, в которой лежат тестовые данные находится по адресу: D:\from
- Папка, в которую нужно скопировать тестовые данные находится по адресу: C:\Users\a-ero\Desktop\into

Убедиться в том, что папка, в которую нужно скопировать тестовые данные, не содержит файлов, которые мы будем использовать в тест-кейсе

Тестовые данные

Файл:

- ""длинноеназваниедлинноеназваниедлинноеназваниедлинноеназваниедлинноеназваниедлинноеназваниедлинноеназваниедлинноеназваниедлинноеназваниедлинноеназваниедлинноеназваниедлинноеназваниедлинноеназваниедлинноеназваниедлинн.txt""","Critical","","ErofeevaHardload","","R416","Позитивные","2","","Erofeeva > Функциональные тесты > Позитивные","Passed","Выполнить ""Юзкейс 1. Копирование""","","","","","","","","","Test Case (Text)","na.erofeeva@mail.ru","11/28/2022 5:27 PM","Functional",""
"T58547","D:\ -> C:\ Копирование нескольких файлов","na.erofeeva@mail.ru","C3232","","","","","","","","","- Папка, в которой лежат тестовые данные находится по адресу: D:\from
- Папка, в которую нужно скопировать тестовые данные находится по адресу: C:\Users\a-ero\Desktop\into 

Убедиться в том, что папка, в которую нужно скопировать тестовые данные, не содержит файлов, которые мы будем использовать в тест-кейсе

Тестовые данные

Файл:

- ""avi.avi""
- ""docx.docx""
- ""exe.exe""
- ""flv.flv""
- ""gif.gif""
- ""jpg.jpg""
- ""mkv.mkv""
- ""mp3.mp3""
- ""mp4.mp4""
- ""pdf.pdf""
- ""png.png""
- ""rar.rar""
- ""txt.txt""
- ""txt.txt — ярлык""
- ""xlsx.xlsx""
- ""zip.zip""
- ""битый файл.docx""
- ""презентация.pptx""
- ""файл без формата""","Critical","","ErofeevaHardload","","R416","Позитивные","2","","Erofeeva > Функциональные тесты > Позитивные","Passed","","1. Выполнить ""Юзкейс 1. Копирование""
Expected Result:
Файлы скопируются неповреждёнными","","","","1. Файлы скопируются неповреждёнными","","","1. Выполнить ""Юзкейс 1. Копирование""","Test Case (Steps)","na.erofeeva@mail.ru","11/28/2022 5:34 PM","Functional",""
"T58554","! C:\ -> E:\ Копирование файла","na.erofeeva@mail.ru","C3319","","","","","","","","","- Папка, в которой лежат тестовые данные находится по адресу: C:\Users\a-ero\Desktop\from 
- Папка, в которую нужно скопировать тестовые данные находится по адресу: E:\into

Убедиться в том, что папка, в которую нужно скопировать тестовые данные, не содержит файлов, которые мы будем использовать в тест-кейсе

Тестовые данные

Файл:

- ""jpg.jpg""","Critical","","ErofeevaHardload","","R416","Позитивные","2","","Erofeeva > Функциональные тесты > Позитивные","Passed","","1. Выполнить ""Юзкейс 1. Копирование""
Expected Result:
Файл скопируется неповреждённым","","","","1. Файл скопируется неповреждённым","","","1. Выполнить ""Юзкейс 1. Копирование""","Test Case (Steps)","na.erofeeva@mail.ru","11/28/2022 4:59 PM","Functional",""
"T58555","C:\ -> E:\ Копирование файла большого размера","na.erofeeva@mail.ru","C3320","Программа серьезно подзагрузилась, и, да, файл перекинулся, но он стал тупить","","","","","","","","- Папка, в которой лежат тестовые данные находится по адресу: C:\Users\a-ero\Desktop\from 
- Папка, в которую нужно скопировать тестовые данные находится по адресу: E:\into

Убедиться в том, что папка, в которую нужно скопировать тестовые данные, не содержит файлов, которые мы будем использовать в тест-кейсе

Тестовые данные

Файл: 

- ""большой файл.mkv"" размером 8,52 Гб","Critical","","ErofeevaHardload","","R416","Позитивные","2","","Erofeeva > Функциональные тесты > Позитивные","Failed","Выполнить ""Юзкейс 1. Копирование""","","","","","","","","","Test Case (Text)","na.erofeeva@mail.ru","11/28/2022 5:05 PM","Functional",""
"T58556","C:\ -> E:\ Копирование файла с длинным названием","na.erofeeva@mail.ru","C3321","","","","","","","","","- Папка, в которой лежат тестовые данные находится по адресу: C:\Users\a-ero\Desktop\from 
- Папка, в которую нужно скопировать тестовые данные находится по адресу: E:\into

Убедиться в том, что папка, в которую нужно скопировать тестовые данные, не содержит файлов, которые мы будем использовать в тест-кейсе

Тестовые данные

Файл:

- ""длинноеназваниедлинноеназваниедлинноеназваниедлинноеназваниедлинноеназваниедлинноеназваниедлинноеназваниедлинноеназваниедлинноеназваниедлинноеназваниедлинноеназваниедлинноеназваниедлинноеназваниедлинноеназваниедлинн.txt""","Critical","","ErofeevaHardload","","R416","Позитивные","2","","Erofeeva > Функциональные тесты > Позитивные","Passed","Выполнить ""Юзкейс 1. Копирование""","","","","","","","","","Test Case (Text)","na.erofeeva@mail.ru","11/28/2022 5:17 PM","Functional",""
"T58557","C:\ -> E:\ Копирование нескольких файлов","na.erofeeva@mail.ru","C3322","","","","","","","","","- Папка, в которой лежат тестовые данные находится по адресу: C:\Users\a-ero\Desktop\from 
- Папка, в которую нужно скопировать тестовые данные находится по адресу: E:\into

Убедиться в том, что папка, в которую нужно скопировать тестовые данные, не содержит файлов, которые мы будем использовать в тест-кейсе

Тестовые данные

Файл:

- ""avi.avi""
- ""docx.docx""
- ""exe.exe""
- ""flv.flv""
- ""gif.gif""
- ""jpg.jpg""
- ""mkv.mkv""
- ""mp3.mp3""
- ""mp4.mp4""
- ""pdf.pdf""
- ""png.png""
- ""rar.rar""
- ""txt.txt""
- ""txt.txt — ярлык""
- ""xlsx.xlsx""
- ""zip.zip""
- ""битый файл.docx""
- ""презентация.pptx""
- ""файл без формата""","Critical","","ErofeevaHardload","","R416","Позитивные","2","","Erofeeva > Функциональные тесты > Позитивные","Passed","","1. Выполнить ""Юзкейс 1. Копирование""
Expected Result:
Файлы скопируются неповреждёнными","","","","1. Файлы скопируются неповреждёнными","","","1. Выполнить ""Юзкейс 1. Копирование""","Test Case (Steps)","na.erofeeva@mail.ru","11/28/2022 4:49 PM","Functional",""
"T58571","E:\ Добавление в программу файлов со съемного диска E","na.erofeeva@mail.ru","C3358","","","","","","","","","- Папка, в которой лежат тестовые данные находится по адресу: E:\from

Тестовые данные

Файл:

- ""jpg.jpg""","Critical","","ErofeevaHardload","","R416","Позитивные","2","","Erofeeva > Функциональные тесты > Позитивные","Passed","Выполнить шаги 1-2 юзкейса ""Юзкейс 1. Копирование""

","","","","","","","","","Test Case (Text)","na.erofeeva@mail.ru","11/28/2022 5:39 PM","Functional",""
"T58559","! E:\ -> C:\ Копирование файла","na.erofeeva@mail.ru","C3346","","","","","","","","","- Папка, в которой лежат тестовые данные находится по адресу: E:\from
- Папка, в которую нужно скопировать тестовые данные находится по адресу: C:\Users\a-ero\Desktop\into 

Убедиться в том, что папка, в которую нужно скопировать тестовые данные, не содержит файлов, которые мы будем использовать в тест-кейсе

Тестовые данные

Файл:

- ""jpg.jpg""","Critical","","ErofeevaHardload","","R416","Позитивные","2","","Erofeeva > Функциональные тесты > Позитивные","Passed","","1. Выполнить ""Юзкейс 1. Копирование""
Expected Result:
Файл скопируется неповреждённым","","","","1. Файл скопируется неповреждённым","","","1. Выполнить ""Юзкейс 1. Копирование""","Test Case (Steps)","na.erofeeva@mail.ru","11/28/2022 5:40 PM","Functional",""
"T58560","E:\ -> C:\ Копирование файла большого размера","na.erofeeva@mail.ru","C3347","","","","","","","","","- Папка, в которой лежат тестовые данные находится по адресу: E:\from
- Папка, в которую нужно скопировать тестовые данные находится по адресу: C:\Users\a-ero\Desktop\into 

Убедиться в том, что папка, в которую нужно скопировать тестовые данные, не содержит файлов, которые мы будем использовать в тест-кейсе

Тестовые данные

Файл: 

- ""большой файл.mkv"" размером 8,52 Гб","Critical","","ErofeevaHardload","","R416","Позитивные","2","","Erofeeva > Функциональные тесты > Позитивные","Failed","Выполнить ""Юзкейс 1. Копирование""","","","","","","","","","Test Case (Text)","na.erofeeva@mail.ru","11/28/2022 6:00 PM","Functional",""
"T58560","E:\ -> C:\ Копирование файла большого размера","na.erofeeva@mail.ru","C3347","Программа зависла при копировании, файл зависает при открытии","","","","","","","","- Папка, в которой лежат тестовые данные находится по адресу: E:\from
- Папка, в которую нужно скопировать тестовые данные находится по адресу: C:\Users\a-ero\Desktop\into 

Убедиться в том, что папка, в которую нужно скопировать тестовые данные, не содержит файлов, которые мы будем использовать в тест-кейсе

Тестовые данные

Файл: 

- ""большой файл.mkv"" размером 8,52 Гб","Critical","","ErofeevaHardload","","R416","Позитивные","2","","Erofeeva > Функциональные тесты > Позитивные","","Выполнить ""Юзкейс 1. Копирование""","","","","","","","","","Test Case (Text)","na.erofeeva@mail.ru","11/28/2022 6:00 PM","Functional",""
"T58561","E:\ -> C:\ Копирование файла с длинным названием","na.erofeeva@mail.ru","C3348","","","","","","","","","- Папка, в которой лежат тестовые данные находится по адресу: E:\from
- Папка, в которую нужно скопировать тестовые данные находится по адресу: C:\Users\a-ero\Desktop\into 

Убедиться в том, что папка, в которую нужно скопировать тестовые данные, не содержит файлов, которые мы будем использовать в тест-кейсе

Тестовые данные

Файл:

- ""длинноеназваниедлинноеназваниедлинноеназваниедлинноеназваниедлинноеназваниедлинноеназваниедлинноеназваниедлинноеназваниедлинноеназваниедлинноеназваниедлинноеназваниедлинноеназваниедлинноеназваниедлинноеназваниедлинн.txt""","Critical","","ErofeevaHardload","","R416","Позитивные","2","","Erofeeva > Функциональные тесты > Позитивные","Passed","Выполнить ""Юзкейс 1. Копирование""","","","","","","","","","Test Case (Text)","na.erofeeva@mail.ru","11/28/2022 5:41 PM","Functional",""
"T58562","E:\ -> C:\ Копирование нескольких файлов","na.erofeeva@mail.ru","C3349","","","","","","","","","- Папка, в которой лежат тестовые данные находится по адресу: E:\from
- Папка, в которую нужно скопировать тестовые данные находится по адресу: C:\Users\a-ero\Desktop\into 

Убедиться в том, что папка, в которую нужно скопировать тестовые данные, не содержит файлов, которые мы будем использовать в тест-кейсе

Тестовые данные

Файл:

- ""avi.avi""
- ""docx.docx""
- ""exe.exe""
- ""flv.flv""
- ""gif.gif""
- ""jpg.jpg""
- ""mkv.mkv""
- ""mp3.mp3""
- ""mp4.mp4""
- ""pdf.pdf""
- ""png.png""
- ""rar.rar""
- ""txt.txt""
- ""txt.txt — ярлык""
- ""xlsx.xlsx""
- ""zip.zip""
- ""битый файл.docx""
- ""презентация.pptx""
- ""файл без формата""","Critical","","ErofeevaHardload","","R416","Позитивные","2","","Erofeeva > Функциональные тесты > Позитивные","Passed","","1. Выполнить ""Юзкейс 1. Копирование""
Expected Result:
Файлы скопируются неповреждёнными","","","","1. Файлы скопируются неповреждёнными","","","1. Выполнить ""Юзкейс 1. Копирование""","Test Case (Steps)","na.erofeeva@mail.ru","11/28/2022 6:20 PM","Functional",""
"T58562","E:\ -> C:\ Копирование нескольких файлов","na.erofeeva@mail.ru","C3349","Программа немного подвисла, но файлы скинулись","","","","","","","","- Папка, в которой лежат тестовые данные находится по адресу: E:\from
- Папка, в которую нужно скопировать тестовые данные находится по адресу: C:\Users\a-ero\Desktop\into 

Убедиться в том, что папка, в которую нужно скопировать тестовые данные, не содержит файлов, которые мы будем использовать в тест-кейсе

Тестовые данные

Файл:

- ""avi.avi""
- ""docx.docx""
- ""exe.exe""
- ""flv.flv""
- ""gif.gif""
- ""jpg.jpg""
- ""mkv.mkv""
- ""mp3.mp3""
- ""mp4.mp4""
- ""pdf.pdf""
- ""png.png""
- ""rar.rar""
- ""txt.txt""
- ""txt.txt — ярлык""
- ""xlsx.xlsx""
- ""zip.zip""
- ""битый файл.docx""
- ""презентация.pptx""
- ""файл без формата""","Critical","","ErofeevaHardload","","R416","Позитивные","2","","Erofeeva > Функциональные тесты > Позитивные","","","1. Выполнить ""Юзкейс 1. Копирование""
Expected Result:
Файлы скопируются неповреждёнными","","","","1. Файлы скопируются неповреждёнными","","","1. Выполнить ""Юзкейс 1. Копирование""","Test Case (Steps)","na.erofeeva@mail.ru","11/28/2022 6:18 PM","Functional",""
"T58563","! D:\ -> E:\ Копирование файла","na.erofeeva@mail.ru","C3350","","","","","","","","","- Папка, в которой лежат тестовые данные находится по адресу: D:\from
- Папка, в которую нужно скопировать тестовые данные находится по адресу: E:\into 

Убедиться в том, что папка, в которую нужно скопировать тестовые данные, не содержит файлов, которые мы будем использовать в тест-кейсе

Тестовые данные

Файл:

- ""jpg.jpg""","Critical","","ErofeevaHardload","","R416","Позитивные","2","","Erofeeva > Функциональные тесты > Позитивные","Passed","","1. Выполнить ""Юзкейс 1. Копирование""
Expected Result:
Файл скопируется неповреждённым","","","","1. Файл скопируется неповреждённым","","","1. Выполнить ""Юзкейс 1. Копирование""","Test Case (Steps)","na.erofeeva@mail.ru","11/28/2022 5:20 PM","Functional",""
"T58564","D:\ -> E:\ Копирование файла большого размера","na.erofeeva@mail.ru","C3351","","","","","","","","","- Папка, в которой лежат тестовые данные находится по адресу: D:\from
- Папка, в которую нужно скопировать тестовые данные находится по адресу: E:\into 

Убедиться в том, что папка, в которую нужно скопировать тестовые данные, не содержит файлов, которые мы будем использовать в тест-кейсе

Тестовые данные

Файл: 

- ""большой файл.mkv"" размером 8,52 Гб","Critical","","ErofeevaHardload","","R416","Позитивные","2","","Erofeeva > Функциональные тесты > Позитивные","Failed","Выполнить ""Юзкейс 1. Копирование""","","","","","","","","","Test Case (Text)","na.erofeeva@mail.ru","11/28/2022 5:25 PM","Functional",""
"T58565","D:\ -> E:\ Копирование файла с длинным названием","na.erofeeva@mail.ru","C3352","","","","","","","","","- Папка, в которой лежат тестовые данные находится по адресу: D:\from
- Папка, в которую нужно скопировать тестовые данные находится по адресу: E:\into 

Убедиться в том, что папка, в которую нужно скопировать тестовые данные, не содержит файлов, которые мы будем использовать в тест-кейсе

Тестовые данные

Файл:

- ""длинноеназваниедлинноеназваниедлинноеназваниедлинноеназваниедлинноеназваниедлинноеназваниедлинноеназваниедлинноеназваниедлинноеназваниедлинноеназваниедлинноеназваниедлинноеназваниедлинноеназваниедлинноеназваниедлинн.txt""","Critical","","ErofeevaHardload","","R416","Позитивные","2","","Erofeeva > Функциональные тесты > Позитивные","Passed","Выполнить ""Юзкейс 1. Копирование""","","","","","","","","","Test Case (Text)","na.erofeeva@mail.ru","11/28/2022 5:21 PM","Functional",""
"T58566","D:\ -> E:\ Копирование нескольких файлов","na.erofeeva@mail.ru","C3353","","","","","","","","","- Папка, в которой лежат тестовые данные находится по адресу: D:\from
- Папка, в которую нужно скопировать тестовые данные находится по адресу: E:\into 

Убедиться в том, что папка, в которую нужно скопировать тестовые данные, не содержит файлов, которые мы будем использовать в тест-кейсе

Тестовые данные

Файл:

- ""avi.avi""
- ""docx.docx""
- ""exe.exe""
- ""flv.flv""
- ""gif.gif""
- ""jpg.jpg""
- ""mkv.mkv""
- ""mp3.mp3""
- ""mp4.mp4""
- ""pdf.pdf""
- ""png.png""
- ""rar.rar""
- ""txt.txt""
- ""txt.txt — ярлык""
- ""xlsx.xlsx""
- ""zip.zip""
- ""битый файл.docx""
- ""презентация.pptx""
- ""файл без формата""","Critical","","ErofeevaHardload","","R416","Позитивные","2","","Erofeeva > Функциональные тесты > Позитивные","Passed","","1. Выполнить ""Юзкейс 1. Копирование""
Expected Result:
Файлы скопируются неповреждёнными","","","","1. Файлы скопируются неповреждёнными","","","1. Выполнить ""Юзкейс 1. Копирование""","Test Case (Steps)","na.erofeeva@mail.ru","11/28/2022 5:37 PM","Functional",""
"T58566","D:\ -> E:\ Копирование нескольких файлов","na.erofeeva@mail.ru","C3353","Программа немного зависла, но файлы скинулись целыми","","","","","","","","- Папка, в которой лежат тестовые данные находится по адресу: D:\from
- Папка, в которую нужно скопировать тестовые данные находится по адресу: E:\into 

Убедиться в том, что папка, в которую нужно скопировать тестовые данные, не содержит файлов, которые мы будем использовать в тест-кейсе

Тестовые данные

Файл:

- ""avi.avi""
- ""docx.docx""
- ""exe.exe""
- ""flv.flv""
- ""gif.gif""
- ""jpg.jpg""
- ""mkv.mkv""
- ""mp3.mp3""
- ""mp4.mp4""
- ""pdf.pdf""
- ""png.png""
- ""rar.rar""
- ""txt.txt""
- ""txt.txt — ярлык""
- ""xlsx.xlsx""
- ""zip.zip""
- ""битый файл.docx""
- ""презентация.pptx""
- ""файл без формата""","Critical","","ErofeevaHardload","","R416","Позитивные","2","","Erofeeva > Функциональные тесты > Позитивные","","","1. Выполнить ""Юзкейс 1. Копирование""
Expected Result:
Файлы скопируются неповреждёнными","","","","1. Файлы скопируются неповреждёнными","","","1. Выполнить ""Юзкейс 1. Копирование""","Test Case (Steps)","na.erofeeva@mail.ru","11/28/2022 5:37 PM","Functional",""
"T58567","! E:\ -> D:\ Копирование файла","na.erofeeva@mail.ru","C3354","","","","","","","","","- Папка, в которой лежат тестовые данные находится по адресу: E:\from
- Папка, в которую нужно скопировать тестовые данные находится по адресу: D:\into 

Убедиться в том, что папка, в которую нужно скопировать тестовые данные, не содержит файлов, которые мы будем использовать в тест-кейсе

Тестовые данные

Файл:

- ""jpg.jpg""","Critical","","ErofeevaHardload","","R416","Позитивные","2","","Erofeeva > Функциональные тесты > Позитивные","Passed","","1. Выполнить ""Юзкейс 1. Копирование""
Expected Result:
Файлы скопируются неповреждёнными","","","","1. Файлы скопируются неповреждёнными","","","1. Выполнить ""Юзкейс 1. Копирование""","Test Case (Steps)","na.erofeeva@mail.ru","11/28/2022 6:01 PM","Functional",""
"T58568","E:\ -> D:\ Копирование файла большого размера","na.erofeeva@mail.ru","C3355","","","","","","","","","- Папка, в которой лежат тестовые данные находится по адресу: E:\from
- Папка, в которую нужно скопировать тестовые данные находится по адресу: D:\into 

Убедиться в том, что папка, в которую нужно скопировать тестовые данные, не содержит файлов, которые мы будем использовать в тест-кейсе

Тестовые данные

Файл: 

- ""большой файл.mkv"" размером 8,52 Гб","Critical","","ErofeevaHardload","","R416","Позитивные","2","","Erofeeva > Функциональные тесты > Позитивные","Failed","Выполнить ""Юзкейс 1. Копирование""","","","","","","","","","Test Case (Text)","na.erofeeva@mail.ru","11/28/2022 6:08 PM","Functional",""
"T58568","E:\ -> D:\ Копирование файла большого размера","na.erofeeva@mail.ru","C3355","Программа зависла при копировании, файл зависает при открытии","","","","","","","","- Папка, в которой лежат тестовые данные находится по адресу: E:\from
- Папка, в которую нужно скопировать тестовые данные находится по адресу: D:\into 

Убедиться в том, что папка, в которую нужно скопировать тестовые данные, не содержит файлов, которые мы будем использовать в тест-кейсе

Тестовые данные

Файл: 

- ""большой файл.mkv"" размером 8,52 Гб","Critical","","ErofeevaHardload","","R416","Позитивные","2","","Erofeeva > Функциональные тесты > Позитивные","","Выполнить ""Юзкейс 1. Копирование""","","","","","","","","","Test Case (Text)","na.erofeeva@mail.ru","11/28/2022 6:08 PM","Functional",""
"T58569","E:\ -> D:\ Копирование файла с длинным названием","na.erofeeva@mail.ru","C3356","","","","","","","","","- Папка, в которой лежат тестовые данные находится по адресу: E:\from
- Папка, в которую нужно скопировать тестовые данные находится по адресу: D:\into 

Убедиться в том, что папка, в которую нужно скопировать тестовые данные, не содержит файлов, которые мы будем использовать в тест-кейсе

Тестовые данные

Файл:

- ""длинноеназваниедлинноеназваниедлинноеназваниедлинноеназваниедлинноеназваниедлинноеназваниедлинноеназваниедлинноеназваниедлинноеназваниедлинноеназваниедлинноеназваниедлинноеназваниедлинноеназваниедлинноеназваниедлинн.txt""","Critical","","ErofeevaHardload","","R416","Позитивные","2","","Erofeeva > Функциональные тесты > Позитивные","Passed","Выполнить ""Юзкейс 1. Копирование""","","","","","","","","","Test Case (Text)","na.erofeeva@mail.ru","11/28/2022 6:01 PM","Functional",""
"T58570","E:\ -> D:\ Копирование нескольких файлов","na.erofeeva@mail.ru","C3357","","","","","","","","","- Папка, в которой лежат тестовые данные находится по адресу: E:\from
- Папка, в которую нужно скопировать тестовые данные находится по адресу: D:\into 

Убедиться в том, что папка, в которую нужно скопировать тестовые данные, не содержит файлов, которые мы будем использовать в тест-кейсе

Тестовые данные

Файл:

- ""avi.avi""
- ""docx.docx""
- ""exe.exe""
- ""flv.flv""
- ""gif.gif""
- ""jpg.jpg""
- ""mkv.mkv""
- ""mp3.mp3""
- ""mp4.mp4""
- ""pdf.pdf""
- ""png.png""
- ""rar.rar""
- ""txt.txt""
- ""txt.txt — ярлык""
- ""xlsx.xlsx""
- ""zip.zip""
- ""битый файл.docx""
- ""презентация.pptx""
- ""файл без формата""","Critical","","ErofeevaHardload","","R416","Позитивные","2","","Erofeeva > Функциональные тесты > Позитивные","Passed","","1. Выполнить ""Юзкейс 1. Копирование""
Expected Result:
Файлы скопируются неповреждёнными","","","","1. Файлы скопируются неповреждёнными","","","1. Выполнить ""Юзкейс 1. Копирование""","Test Case (Steps)","na.erofeeva@mail.ru","11/28/2022 6:14 PM","Functional",""
"T58570","E:\ -> D:\ Копирование нескольких файлов","na.erofeeva@mail.ru","C3357","Программа немного подвисла, но файлы скинулись","","","","","","","","- Папка, в которой лежат тестовые данные находится по адресу: E:\from
- Папка, в которую нужно скопировать тестовые данные находится по адресу: D:\into 

Убедиться в том, что папка, в которую нужно скопировать тестовые данные, не содержит файлов, которые мы будем использовать в тест-кейсе

Тестовые данные

Файл:

- ""avi.avi""
- ""docx.docx""
- ""exe.exe""
- ""flv.flv""
- ""gif.gif""
- ""jpg.jpg""
- ""mkv.mkv""
- ""mp3.mp3""
- ""mp4.mp4""
- ""pdf.pdf""
- ""png.png""
- ""rar.rar""
- ""txt.txt""
- ""txt.txt — ярлык""
- ""xlsx.xlsx""
- ""zip.zip""
- ""битый файл.docx""
- ""презентация.pptx""
- ""файл без формата""","Critical","","ErofeevaHardload","","R416","Позитивные","2","","Erofeeva > Функциональные тесты > Позитивные","","","1. Выполнить ""Юзкейс 1. Копирование""
Expected Result:
Файлы скопируются неповреждёнными","","","","1. Файлы скопируются неповреждёнными","","","1. Выполнить ""Юзкейс 1. Копирование""","Test Case (Steps)","na.erofeeva@mail.ru","11/28/2022 6:14 PM","Functional",""
"T58576","Копирование одного файла дважды","na.erofeeva@mail.ru","C3403","Программа просто скопировала файл один раз и не выдала никакого предупреждения","","","","","","","","- Папка, в которой лежат тестовые данные находится по адресу: C:\Users\a-ero\Desktop\from
- Папка, в которую нужно скопировать тестовые данные находится по адресу: C:\Users\a-ero\Desktop\into

Убедиться в том, что папка, в которую нужно скопировать тестовые данные, не содержит файлов, которые мы будем использовать в тест-кейсе

Тестовые данные

Файл:

- ""gif.gif""

","Medium","","ErofeevaHardload","","R416","Негативные","2","","Erofeeva > Функциональные тесты > Негативные","Failed","","1. Выполнить ""Юзкейс 1. Копирование"", повторить шаги 1-2 дважды.
Expected Result:
Программа выдаст предупреждение.","","","","1. Программа выдаст предупреждение.","","","1. Выполнить ""Юзкейс 1. Копирование"", повторить шаги 1-2 дважды.","Test Case (Steps)","na.erofeeva@mail.ru","11/28/2022 5:41 PM","Destructive",""
"T58573","Копирование файла в ту же папку","na.erofeeva@mail.ru","C3234","Программа просто скопировала файл один раз и не выдала никакого предупреждения","","","","","","","","- Папка, в которой лежат тестовые данные находится по адресу: C:\Users\a-ero\Desktop\from
- Папка, в которую нужно скопировать тестовые данные находится по адресу: C:\Users\a-ero\Desktop\from

Убедиться в том, что папка, в которую нужно скопировать тестовые данные, _содержит_ файлы, которые мы будем использовать в тест-кейсе

Тестовые данные

Файл:

- ""jpg.jpg""","Medium","","ErofeevaHardload","","R416","Негативные","2","","Erofeeva > Функциональные тесты > Негативные","Failed","","1. Выполнить ""Юзкейс 1. Копирование""
Expected Result:
Программа выдаст предупреждение","","","","1. Программа выдаст предупреждение","","","1. Выполнить ""Юзкейс 1. Копирование""","Test Case (Steps)","na.erofeeva@mail.ru","11/28/2022 5:41 PM","Destructive",""
"T58572","Копирование удаленного файла из списка","na.erofeeva@mail.ru","C3214","","","","","","","","","- Папка, в которой лежат тестовые данные находится по адресу: C:\Users\a-ero\Desktop\from
- Папка, в которую нужно скопировать тестовые данные находится по адресу: C:\Users\a-ero\Desktop\into

Тестовые данные

Файл:

- ""Для удаления.jpg""","Medium","","ErofeevaHardload","","R416","Негативные","2","","Erofeeva > Функциональные тесты > Негативные","Failed","","1. Выполнить шаги 1-2 юзкейса ""Юзкейс 1. Копирование""
Expected Result:
Файл добавится в программу hardload
2. В папке C:\Users\a-ero\Desktop\from удалить файл ""Для удаления.jpg"".
Выполнить шаги 3-6 юзкейса ""Юзкейс 1. Копирование""
Expected Result:
Программа выдаст ошибку","","","","1. Файл добавится в программу hardload
2. Программа выдаст ошибку","","","1. Выполнить шаги 1-2 юзкейса ""Юзкейс 1. Копирование""
2. В папке C:\Users\a-ero\Desktop\from удалить файл ""Для удаления.jpg"".
Выполнить шаги 3-6 юзкейса ""Юзкейс 1. Копирование""","Test Case (Steps)","na.erofeeva@mail.ru","11/28/2022 6:03 PM","Destructive",""
"T58572","Копирование удаленного файла из списка","na.erofeeva@mail.ru","C3214","Программа просто зависает и стоит как герой Джона Траволты в ""Криминальном чтиве""

https://memepedia.ru/wp-content/uploads/2017/04/61092-YzljOWQ3ZWQ2YQ.gif","","","","","","","","- Папка, в которой лежат тестовые данные находится по адресу: C:\Users\a-ero\Desktop\from
- Папка, в которую нужно скопировать тестовые данные находится по адресу: C:\Users\a-ero\Desktop\into

Тестовые данные

Файл:

- ""Для удаления.jpg""","Medium","","ErofeevaHardload","","R416","Негативные","2","","Erofeeva > Функциональные тесты > Негативные","","","1. Выполнить шаги 1-2 юзкейса ""Юзкейс 1. Копирование""
Expected Result:
Файл добавится в программу hardload
2. В папке C:\Users\a-ero\Desktop\from удалить файл ""Для удаления.jpg"".
Выполнить шаги 3-6 юзкейса ""Юзкейс 1. Копирование""
Expected Result:
Программа выдаст ошибку","","","","1. Файл добавится в программу hardload
2. Программа выдаст ошибку","","","1. Выполнить шаги 1-2 юзкейса ""Юзкейс 1. Копирование""
2. В папке C:\Users\a-ero\Desktop\from удалить файл ""Для удаления.jpg"".
Выполнить шаги 3-6 юзкейса ""Юзкейс 1. Копирование""","Test Case (Steps)","na.erofeeva@mail.ru","11/28/2022 5:44 PM","Destructive",""
"T58575","C:\ -> E:\ Копирование файла, когда диск не подключен","na.erofeeva@mail.ru","C3239","","","","","","","","","- Папка, в которой лежат тестовые данные находится по адресу: C:\Users\a-ero\Desktop\from 
- Папка, в которую нужно скопировать тестовые данные находится по адресу: E:\into

Убедиться в том, что папка, в которую нужно скопировать тестовые данные, не содержит файлов, которые мы будем использовать в тест-кейсе

Тестовые данные

Файл:

- ""jpg.jpg""","Medium","","ErofeevaHardload","","R416","Негативные","2","","Erofeeva > Функциональные тесты > Негативные","Failed","","1. Выполнить шаги 1-2 юзкейса ""Юзкейс 1. Копирование""
Expected Result:
Файл добавится в программу hardload
2. Отключить съемный диск Е от компьютера.
Выполнить шаги 3-6 юзкейса ""Юзкейс 1. Копирование""
Expected Result:
Программа выдаст ошибку","","","","1. Файл добавится в программу hardload
2. Программа выдаст ошибку","","","1. Выполнить шаги 1-2 юзкейса ""Юзкейс 1. Копирование""
2. Отключить съемный диск Е от компьютера.
Выполнить шаги 3-6 юзкейса ""Юзкейс 1. Копирование""","Test Case (Steps)","na.erofeeva@mail.ru","11/28/2022 6:03 PM","Destructive",""
"T58575","C:\ -> E:\ Копирование файла, когда диск не подключен","na.erofeeva@mail.ru","C3239","Программа просто зависает и стоит как герой Джона Траволты в ""Криминальном чтиве""

https://memepedia.ru/wp-content/uploads/2017/04/61092-YzljOWQ3ZWQ2YQ.gif","","","","","","","","- Папка, в которой лежат тестовые данные находится по адресу: C:\Users\a-ero\Desktop\from 
- Папка, в которую нужно скопировать тестовые данные находится по адресу: E:\into

Убедиться в том, что папка, в которую нужно скопировать тестовые данные, не содержит файлов, которые мы будем использовать в тест-кейсе

Тестовые данные

Файл:

- ""jpg.jpg""","Medium","","ErofeevaHardload","","R416","Негативные","2","","Erofeeva > Функциональные тесты > Негативные","","","1. Выполнить шаги 1-2 юзкейса ""Юзкейс 1. Копирование""
Expected Result:
Файл добавится в программу hardload
2. Отключить съемный диск Е от компьютера.
Выполнить шаги 3-6 юзкейса ""Юзкейс 1. Копирование""
Expected Result:
Программа выдаст ошибку","","","","1. Файл добавится в программу hardload
2. Программа выдаст ошибку","","","1. Выполнить шаги 1-2 юзкейса ""Юзкейс 1. Копирование""
2. Отключить съемный диск Е от компьютера.
Выполнить шаги 3-6 юзкейса ""Юзкейс 1. Копирование""","Test Case (Steps)","na.erofeeva@mail.ru","11/28/2022 6:03 PM","Destructive",""
"T58574","E:\ -> C:\ Копирование файла, когда диск не подключен","na.erofeeva@mail.ru","C3238","Программа просто зависает и стоит как герой Джона Траволты в ""Криминальном чтиве""

https://memepedia.ru/wp-content/uploads/2017/04/61092-YzljOWQ3ZWQ2YQ.gif","","","","","","","","- Папка, в которой лежат тестовые данные находится по адресу: E:\from
- Папка, в которую нужно скопировать тестовые данные находится по адресу: C:\Users\a-ero\Desktop\into 

Убедиться в том, что папка, в которую нужно скопировать тестовые данные, не содержит файлов, которые мы будем использовать в тест-кейсе

Тестовые данные

Файл:

- ""jpg.jpg""","Medium","","ErofeevaHardload","","R416","Негативные","2","","Erofeeva > Функциональные тесты > Негативные","Failed","","1. Выполнить шаги 1-2 юзкейса ""Юзкейс 1. Копирование""
Expected Result:
Файл добавится в программу hardload
2. Отключить съемный диск Е от компьютера.
Выполнить шаги 3-6 юзкейса ""Юзкейс 1. Копирование""
Expected Result:
Программа выдаст ошибку","","","","1. Файл добавится в программу hardload
2. Программа выдаст ошибку","","","1. Выполнить шаги 1-2 юзкейса ""Юзкейс 1. Копирование""
2. Отключить съемный диск Е от компьютера.
Выполнить шаги 3-6 юзкейса ""Юзкейс 1. Копирование""","Test Case (Steps)","na.erofeeva@mail.ru","11/28/2022 6:04 PM","Destructive",""
"T58577","Копирование запароленного файла","na.erofeeva@mail.ru","C3243","","","","","","","","","- Папка, в которой лежат тестовые данные находится по адресу: C:\Users\a-ero\Desktop\from
- Папка, в которую нужно скопировать тестовые данные находится по адресу: C:\Users\a-ero\Desktop\into

Тестовые данные

Файл:

- ""запароленный файл.docx""","Medium","","ErofeevaHardload","","R416","Тесты безопасности","1","","Erofeeva > Тесты безопасности","Passed","Выполнить ""Юзкейс 1. Копирование""","","","","","","","","","Test Case (Text)","na.erofeeva@mail.ru","11/28/2022 6:24 PM","Security",""
